id,text,theme,word_count,source
james_01,"“It was about September, 1884, when I had the first experience. On the previous night I had had, after getting into bed at my rooms in College, a vivid tactile hallucination of being grasped by the arm, which made me get up and search the room for an intruder; but the sense of presence properly so called came on the next night. After I had got into bed and blown out the candle, I lay awake awhile thinking on the previous night’s experience, when suddenly I _felt_ something come into the room and stay close to my bed. It remained only a minute or two. I did not recognize it by any ordinary sense, and yet there was a horribly unpleasant ‘sensation’ connected with it. It stirred something more at the roots of my being than any ordinary perception. The feeling had something of the quality of a very large tearing vital pain spreading chiefly over the chest, but within the organism—and yet the feeling was not _pain_ so much as _abhorrence_. At all events, something was present with me, and I knew its presence far more surely than I have ever known the presence of any fleshly living creature. I was conscious of its departure as of its coming: an almost instantaneously swift going through the door, and the ‘horrible sensation’ disappeared.",presence,223,"James, W. (1902). The Varieties of Religious Experience. Longmans, Green & Co. (Public domain.)"
james_02,"“Between twenty and thirty I gradually became more and more agnostic and irreligious, yet I cannot say that I ever lost that ‘indefinite consciousness’ which Herbert Spencer describes so well, of an Absolute Reality behind phenomena. For me this Reality was not the pure Unknowable of Spencer’s philosophy, for although I had ceased my childish prayers to God, and never prayed to _It_ in a formal manner, yet my more recent experience shows me to have been in a relation to _It_ which practically was the same thing as prayer. Whenever I had any trouble, especially when I had conflict with other people, either domestically or in the way of business, or when I was depressed in spirits or anxious about affairs, I now recognize that I used to fall back for support upon this curious relation I felt myself to be in to this fundamental cosmical _It_. It was on my side, or I was on Its side, however you please to term it, in the particular trouble, and it always strengthened me and seemed to give me endless vitality to feel its underlying and supporting presence. In fact, it was an unfailing fountain of living justice, truth, and strength, to which I instinctively turned at times of weakness, and it always brought me out. I know now that it was a personal relation I was in to it, because of late years the power of communicating with it has left me, and I am conscious of a perfectly definite loss. I used never to fail to find it when I turned to it. Then came a set of years when sometimes I found it, and then again I would be wholly unable to make connection with it. I remember many occasions on which at night in bed, I would be unable to get to sleep on account of worry. I turned this way and that in the darkness, and groped mentally for the familiar sense of that higher mind of my mind which had always seemed to be close at hand as it were, closing the passage, and yielding support, but there was no electric current. A blank was there instead of _It_: I couldn’t find anything. Now, at the age of nearly fifty, my power of getting into connection with it has entirely left me; and I have to confess that a great help has gone out of my life. Life has become curiously dead and indifferent; and I can now see that my old experience was probably exactly the same thing as the prayers of the orthodox, only I did not call them by that name. What I have spoken of as ‘It’ was practically not Spencer’s Unknowable, but just my own instinctive and individual God, whom I relied upon for higher sympathy, but whom somehow I have lost.”",faith_doubt,473,"James, W. (1902). The Varieties of Religious Experience. Longmans, Green & Co. (Public domain.)"
james_03,"“I remember the night, and almost the very spot on the hilltop, where my soul opened out, as it were, into the Infinite, and there was a rushing together of the two worlds, the inner and the outer. It was deep calling unto deep,—the deep that my own struggle had opened up within being answered by the unfathomable deep without, reaching beyond the stars. I stood alone with Him who had made me, and all the beauty of the world, and love, and sorrow, and even temptation. I did not seek Him, but felt the perfect unison of my spirit with His. The ordinary sense of things around me faded. For the moment nothing but an ineffable joy and exaltation remained. It is impossible fully to describe the experience. It was like the effect of some great orchestra when all the separate notes have melted into one swelling harmony that leaves the listener conscious of nothing save that his soul is being wafted upwards, and almost bursting with its own emotion. The perfect stillness of the night was thrilled by a more solemn silence. The darkness held a presence that was all the more felt because it was not seen. I could not any more have doubted that _He_ was there than that I was. Indeed, I felt myself to be, if possible, the less real of the two.",mystical,229,"James, W. (1902). The Varieties of Religious Experience. Longmans, Green & Co. (Public domain.)"
james_04,"“My highest faith in God and truest idea of him were then born in me. I have stood upon the Mount of Vision since, and felt the Eternal round about me. But never since has there come quite the same stirring of the heart. Then, if ever, I believe, I stood face to face with God, and was born anew of his spirit. There was, as I recall it, no sudden change of thought or of belief, except that my early crude conception had, as it were, burst into flower. There was no destruction of the old, but a rapid, wonderful unfolding. Since that time no discussion that I have heard of the proofs of God’s existence has been able to shake my faith. Having once felt the presence of God’s spirit, I have never lost it again for long. My most assuring evidence of his existence is deeply rooted in that hour of vision, in the memory of that supreme experience, and in the conviction, gained from reading and reflection, that something the same has come to all who have found God. I am aware that it may justly be called mystical. I am not enough acquainted with philosophy to defend it from that or any other charge. I feel that in writing of it I have overlaid it with words rather than put it clearly to your thought. But, such as it is, I have described it as carefully as I now am able to do.”",mystical,248,"James, W. (1902). The Varieties of Religious Experience. Longmans, Green & Co. (Public domain.)"
james_05,"“I was in perfect health: we were on our sixth day of tramping, and in good training. We had come the day before from Sixt to Trient by Buet. I felt neither fatigue, hunger, nor thirst, and my state of mind was equally healthy. I had had at Forlaz good news from home; I was subject to no anxiety, either near or remote, for we had a good guide, and there was not a shadow of uncertainty about the road we should follow. I can best describe the condition in which I was by calling it a state of equilibrium. When all at once I experienced a feeling of being raised above myself, I felt the presence of God—I tell of the thing just as I was conscious of it—as if his goodness and his power were penetrating me altogether. The throb of emotion was so violent that I could barely tell the boys to pass on and not wait for me. I then sat down on a stone, unable to stand any longer, and my eyes overflowed with tears. I thanked God that in the course of my life he had taught me to know him, that he sustained my life and took pity both on the insignificant creature and on the sinner that I was. I begged him ardently that my life might be consecrated to the doing of his will. I felt his reply, which was that I should do his will from day to day, in humility and poverty, leaving him, the Almighty God, to be judge of whether I should some time be called to bear witness more conspicuously. Then, slowly, the ecstasy left my heart; that is, I felt that God had withdrawn the communion which he had granted, and I was able to walk on, but very slowly, so strongly was I still possessed by the interior emotion. Besides, I had wept uninterruptedly for several minutes, my eyes were swollen, and I did not wish my companions to see me. The state of ecstasy may have lasted four or five minutes, although it seemed at the time to last much longer. My comrades waited for me ten minutes at the cross of Barine, but I took about twentyfive or thirty minutes to join them, for as well as I can remember, they said that I had kept them back for about half an hour. The impression had been so profound that in climbing slowly the slope I asked myself if it were possible that Moses on Sinai could have had a more intimate communication with God. I think it well to add that in this ecstasy of mine God had neither form, color, odor, nor taste; moreover, that the feeling of his presence was accompanied with no determinate localization. It was rather as if my personality had been transformed by the presence of a _spiritual spirit_. But the more I seek words to express this intimate intercourse, the more I feel the impossibility of describing the thing by any of our usual images. At bottom the expression most apt to render what I felt is this: God was present, though invisible; he fell under no one of my senses, yet my consciousness perceived him.”",mystical,541,"James, W. (1902). The Varieties of Religious Experience. Longmans, Green & Co. (Public domain.)"
james_06,"“I had been a sufferer from my childhood till my fortieth year. [Details of illhealth are given which I omit.] I had been in Vermont several months hoping for good from the change of air, but steadily growing weaker, when one day during the latter part of October, while resting in the afternoon, I suddenly heard as it were these words: ‘You will be healed and do a work you never dreamed of.’ These words were impressed upon my mind with such power I said at once that only God could have put them there. I believed them in spite of myself and of my suffering and weakness, which continued until Christmas, when I returned to Boston. Within two days a young friend offered to take me to a mental healer (this was January 7, 1881). The healer said: ‘There is nothing but Mind; we are expressions of the One Mind; body is only a mortal belief; as a man thinketh so is he.’ I could not accept all she said, but I translated all that was there for _me_ in this way: ‘There is nothing but God; I am created by Him, and am absolutely dependent upon Him; mind is given me to use; and by just so much of it as I will put upon the thought of right action in body I shall be lifted out of bondage to my ignorance and fear and past experience.’ That day I commenced accordingly to take a little of every food provided for the family, constantly saying to myself: ‘The Power that created the stomach must take care of what I have eaten.’ By holding these suggestions through the evening I went to bed and fell asleep, saying: ‘I am soul, spirit, just one with God’s Thought of me,’ and slept all night without waking, for the first time in several years [the distressturns had usually recurred about two o’clock in the night]. I felt the next day like an escaped prisoner, and believed I had found the secret that would in time give me perfect health. Within ten days I was able to eat anything provided for others, and after two weeks I began to have my own positive mental suggestions of Truth, which were to me like steppingstones. I will note a few of them; they came about two weeks apart.",illness_healing,393,"James, W. (1902). The Varieties of Religious Experience. Longmans, Green & Co. (Public domain.)"
james_07,"“I sat quietly with the healer for half an hour each day, at first with no result; then, after ten days or so, I became quite suddenly and swiftly conscious of a tide of new energy rising within me, a sense of power to pass beyond old haltingplaces, of power to break the bounds that, though often tried before, had long been veritable walls about my life, too high to climb. I began to read and walk as I had not done for years, and the change was sudden, marked, and unmistakable. This tide seemed to mount for some weeks, three or four perhaps, when, summer having come, I came away, taking the treatment up again a few months later. The lift I got proved permanent, and left me slowly gaining ground instead of losing it, but with this lift the influence seemed in a way to have spent itself, and, though my confidence in the reality of the power had gained immensely from this first experience, and should have helped me to make further gain in health and strength if my belief in it had been the potent factor there, I never after this got any result at all as striking or as clearly marked as this which came when I made trial of it first, with little faith and doubtful expectation. It is difficult to put all the evidence in such a matter into words, to gather up into a distinct statement all that one bases one’s conclusions on, but I have always felt that I had abundant evidence to justify (to myself, at least) the conclusion that I came to then, and since have held to, that the physical change which came at that time was, first, the result of a change wrought within me by a change of mental state; and, secondly, that that change of mental state was not, save in a very secondary way, brought about through the influence of an excited imagination, or a _consciously_ received suggestion of an hypnotic sort. Lastly, I believe that this change was the result of my receiving telepathically, and upon a mental stratum quite below the level of immediate consciousness, a healthier and more energetic attitude, receiving it from another person whose thought was directed upon me with the intention of impressing the idea of this attitude upon me. In my case the disease was distinctly what would be classed as nervous, not organic; but from such opportunities as I have had of observing, I have come to the conclusion that the dividing line that has been drawn is an arbitrary one, the nerves controlling the internal activities and the nutrition of the body throughout; and I believe that the central nervous system, by starting and inhibiting local centres, can exercise a vast influence upon disease of any kind, if it can be brought to bear. In my judgment the question is simply how to bring it to bear, and I think that the uncertainty and remarkable differences in the results obtained through mental healing do but show how ignorant we are as yet of the forces at work and of the means we should take to make them effective. That these results are not due to chance coincidences my observation of myself and others makes me sure; that the conscious mind, the imagination, enters into them as a factor in many cases is doubtless true, but in many others, and sometimes very extraordinary ones, it hardly seems to enter in at all. On the whole I am inclined to think that as the healing action, like the morbid one, springs from the plane of the normally _un_conscious mind, so the strongest and most effective impressions are those which _it_ receives, in some as yet unknown, subtle way, _directly_ from a healthier mind whose state, through a hidden law of sympathy, it reproduces.”",illness_healing,646,"James, W. (1902). The Varieties of Religious Experience. Longmans, Green & Co. (Public domain.)"
james_08,"“When I was a monk,” he says, “I thought that I was utterly cast away, if at any time I felt the lust of the flesh: that is to say, if I felt any evil motion, fleshly lust, wrath, hatred, or envy against any brother. I assayed many ways to help to quiet my conscience, but it would not be; for the concupiscence and lust of my flesh did always return, so that I could not rest, but was continually vexed with these thoughts: This or that sin thou hast committed: thou art infected with envy, with impatiency, and such other sins: therefore thou art entered into this holy order in vain, and all thy good works are unprofitable. But if then I had rightly understood these sentences of Paul: ‘The flesh lusteth contrary to the Spirit, and the Spirit contrary to the flesh; and these two are one against another, so that ye cannot do the things that ye would do,’ I should not have so miserably tormented myself, but should have thought and said to myself, as now commonly I do, ‘Martin, thou shalt not utterly be without sin, for thou hast flesh; thou shalt therefore feel the battle thereof.’ I remember that Staupitz was wont to say, ‘I have vowed unto God above a thousand times that I would become a better man: but I never performed that which I vowed. Hereafter I will make no such vow: for I have now learned by experience that I am not able to perform it. Unless, therefore, God be favorable and merciful unto me for Christ’s sake, I shall not be able, with all my vows and all my good deeds, to stand before him.’ This (of Staupitz’s) was not only a true, but also a godly and a holy desperation; and this must they all confess, both with mouth and heart, who will be saved. For the godly trust not to their own righteousness. They look unto Christ their reconciler, who gave his life for their sins. Moreover, they know that the remnant of sin which is in their flesh is not laid to their charge, but freely pardoned. Notwithstanding, in the mean while they fight in spirit against the flesh, lest they should _fulfill_ the lusts thereof; and although they feel the flesh to rage and rebel, and themselves also do fall sometimes into sin through infirmity, yet are they not discouraged, nor think therefore that their state and kind of life, and the works which are done according to their calling, displease God; but they raise up themselves by faith.”(67)",scrupulosity,434,"James, W. (1902). The Varieties of Religious Experience. Longmans, Green & Co. (Public domain.)"
james_09,"“When thou fallest into a fault, in what matter soever it be, do not trouble nor afflict thyself for it. For they are effects of our frail Nature, stained by Original Sin. The common enemy will make thee believe, as soon as thou fallest into any fault, that thou walkest in error, and therefore art out of God and his favor, and herewith would he make thee distrust of the divine Grace, telling thee of thy misery, and making a giant of it; and putting it into thy head that every day thy soul grows worse instead of better, whilst it so often repeats these failings. O blessed Soul, open thine eyes; and shut the gate against these diabolical suggestions, knowing thy misery, and trusting in the mercy divine. Would not he be a mere fool who, running at tournament with others, and falling in the best of the career, should lie weeping on the ground and afflicting himself with discourses upon his fall? Man (they would tell him), lose no time, get up and take the course again, for he that rises again quickly and continues his race is as if he had never fallen. If thou seest thyself fallen once and a thousand times, thou oughtest to make use of the remedy which I have given thee, that is, a loving confidence in the divine mercy. These are the weapons with which thou must fight and conquer cowardice and vain thoughts. This is the means thou oughtest to use—not to lose time, not to disturb thyself, and reap no good.”(68)",self_blame,262,"James, W. (1902). The Varieties of Religious Experience. Longmans, Green & Co. (Public domain.)"
james_10,"“I suffer too much in this hospital, both physically and morally. Besides the burnings and the sleeplessness (for I no longer sleep since I am shut up here, and the little rest I get is broken by bad dreams, and I am waked with a jump by nightmares, dreadful visions, lightning, thunder, and the rest), fear, atrocious fear, presses me down, holds me without respite, never lets me go. Where is the justice in it all! What have I done to deserve this excess of severity? Under what form will this fear crush me? What would I not owe to any one who would rid me of my life! Eat, drink, lie awake all night, suffer without interruption—such is the fine legacy I have received from my mother! What I fail to understand is this abuse of power. There are limits to everything, there is a middle way. But God knows neither middle way nor limits. I say God, but why? All I have known so far has been the devil. After all, I am afraid of God as much as of the devil, so I drift along, thinking of nothing but suicide, but with neither courage nor means here to execute the act. As you read this, it will easily prove to you my insanity. The style and the ideas are incoherent enough—I can see that myself. But I cannot keep myself from being either crazy or an idiot; and, as things are, from whom should I ask pity? I am defenseless against the invisible enemy who is tightening his coils around me. I should be no better armed against him even if I saw him, or had seen him. Oh, if he would but kill me, devil take him! Death, death, once for all! But I stop. I have raved to you long enough. I say raved, for I can write no otherwise, having neither brain nor thoughts left. O God! what a misfortune to be born! Born like a mushroom, doubtless between an evening and a morning; and how true and right I was when in our philosophyyear in college I chewed the cud of bitterness with the pessimists. Yes, indeed, there is more pain in life than gladness—it is one long agony until the grave. Think how gay it makes me to remember that this horrible misery of mine, coupled with this unspeakable fear, may last fifty, one hundred, who knows how many more years!”(78)",depression,409,"James, W. (1902). The Varieties of Religious Experience. Longmans, Green & Co. (Public domain.)"
james_11,"“Nay, thought I, now I grow worse and worse; now I am farther from conversion than ever I was before. If now I should have burned at the stake, I could not believe that Christ had love for me; alas, I could neither hear him, nor see him, nor feel him, nor savor any of his things. Sometimes I would tell my condition to the people of God, which, when they heard, they would pity me, and would tell of the Promises. But they had as good have told me that I must reach the Sun with my finger as have bidden me receive or rely upon the Promise. [Yet] all this while as to the act of sinning, I never was more tender than now; I durst not take a pin or stick, though but so big as a straw, for my conscience now was sore, and would smart at every touch; I could not tell how to speak my words, for fear I should misplace them. Oh, how gingerly did I then go, in all I did or said! I found myself as on a miry bog that shook if I did but stir; and was as there left both by God and Christ, and the spirit, and all good things.",despair,213,"James, W. (1902). The Varieties of Religious Experience. Longmans, Green & Co. (Public domain.)"
james_12,"“Everything I saw seemed to be a burden to me; the earth seemed accursed for my sake: all trees, plants, rocks, hills, and vales seemed to be dressed in mourning and groaning, under the weight of the curse, and everything around me seemed to be conspiring my ruin. My sins seemed to be laid open; so that I thought that every one I saw knew them, and sometimes I was almost ready to acknowledge many things, which I thought they knew: yea sometimes it seemed to me as if every one was pointing me out as the most guilty wretch upon earth. I had now so great a sense of the vanity and emptiness of all things here below, that I knew the whole world could not possibly make me happy, no, nor the whole system of creation. When I waked in the morning, the first thought would be, Oh, my wretched soul, what shall I do, where shall I go? And when I laid down, would say, I shall be perhaps in hell before morning. I would many times look on the beasts with envy, wishing with all my heart I was in their place, that I might have no soul to lose; and when I have seen birds flying over my head, have often thought within myself, Oh, that I could fly away from my danger and distress! Oh, how happy should I be, if I were in their place!”(82)",depersonalization,242,"James, W. (1902). The Varieties of Religious Experience. Longmans, Green & Co. (Public domain.)"
james_13,"“Whilst in this state of philosophic pessimism and general depression of spirits about my prospects, I went one evening into a dressingroom in the twilight to procure some article that was there; when suddenly there fell upon me without any warning, just as if it came out of the darkness, a horrible fear of my own existence. Simultaneously there arose in my mind the image of an epileptic patient whom I had seen in the asylum, a blackhaired youth with greenish skin, entirely idiotic, who used to sit all day on one of the benches, or rather shelves against the wall, with his knees drawn up against his chin, and the coarse gray undershirt, which was his only garment, drawn over them inclosing his entire figure. He sat there like a sort of sculptured Egyptian cat or Peruvian mummy, moving nothing but his black eyes and looking absolutely nonhuman. This image and my fear entered into a species of combination with each other. _That shape am I_, I felt, potentially. Nothing that I possess can defend me against that fate, if the hour for it should strike for me as it struck for him. There was such a horror of him, and such a perception of my own merely momentary discrepancy from him, that it was as if something hitherto solid within my breast gave way entirely, and I became a mass of quivering fear. After this the universe was changed for me altogether. I awoke morning after morning with a horrible dread at the pit of my stomach, and with a sense of the insecurity of life that I never knew before, and that I have never felt since.(83) It was like a revelation; and although the immediate feelings passed away, the experience has made me sympathetic with the morbid feelings of others ever since. It gradually faded, but for months I was unable to go out into the dark alone.",anxiety,322,"James, W. (1902). The Varieties of Religious Experience. Longmans, Green & Co. (Public domain.)"
james_14,"“I have ever been the queerest mixture of weakness and strength, and have paid heavily for the weakness. As a child I used to suffer tortures of shyness, and if my shoelace was untied would feel shamefacedly that every eye was fixed on the unlucky string; as a girl I would shrink away from strangers and think myself unwanted and unliked, so that I was full of eager gratitude to any one who noticed me kindly; as the young mistress of a house I was afraid of my servants, and would let careless work pass rather than bear the pain of reproving the illdoer; when I have been lecturing and debating with no lack of spirit on the platform, I have preferred to go without what I wanted at the hotel rather than to ring and make the waiter fetch it. Combative on the platform in defense of any cause I cared for, I shrink from quarrel or disapproval in the house, and am a coward at heart in private while a good fighter in public. How often have I passed unhappy quarters of an hour screwing up my courage to find fault with some subordinate whom my duty compelled me to reprove, and how often have I jeered at myself for a fraud as the doughty platform combatant, when shrinking from blaming some lad or lass for doing their work badly. An unkind look or word has availed to make me shrink into myself as a snail into its shell, while, on the platform, opposition makes me speak my best.”(89)",anxiety,261,"James, W. (1902). The Varieties of Religious Experience. Longmans, Green & Co. (Public domain.)"
james_15,"“Thus the thoughts by which I meditated upon thee were like the efforts of one who would awake, but being overpowered with sleepiness is soon asleep again. Often does a man when heavy sleepiness is on his limbs defer to shake it off, and though not approving it, encourage it; even so I was sure it was better to surrender to thy love than to yield to my own lusts, yet, though the former course convinced me, the latter pleased and held me bound. There was naught in me to answer thy call, ‘Awake, thou sleeper,’ but only drawling, drowsy words, ‘Presently; yes, presently; wait a little while.’ But the ‘presently’ had no ‘present,’ and the ‘little while’ grew long.... For I was afraid thou wouldst hear me too soon, and heal me at once of my disease of lust, which I wished to satiate rather than to see extinguished. With what lashes of words did I not scourge my own soul. Yet it shrank back; it refused, though it had no excuse to offer.... I said within myself: ‘Come, let it be done now,’ and as I said it, I was on the point of the resolve. I all but did it, yet I did not do it. And I made another effort, and almost succeeded, yet I did not reach it, and did not grasp it, hesitating to die to death, and live to life; and the evil to which I was so wonted held me more than the better life I had not tried.”(92)",inner_conflict,257,"James, W. (1902). The Varieties of Religious Experience. Longmans, Green & Co. (Public domain.)"
james_16,"“I was now very moral in my life, but found no rest of conscience. I now began to be esteemed in young company, who knew nothing of my mind all this while, and their esteem began to be a snare to my soul, for I soon began to be fond of carnal mirth, though I still flattered myself that if I did not get drunk, nor curse, nor swear, there would be no sin in frolicking and carnal mirth, and I thought God would indulge young people with some (what I called simple or civil) recreation. I still kept a round of duties, and would not suffer myself to run into any open vices, and so got along very well in time of health and prosperity, but when I was distressed or threatened by sickness, death, or heavy storms of thunder, my religion would not do, and I found there was something wanting, and would begin to repent my going so much to frolics, but when the distress was over, the devil and my own wicked heart, with the solicitations of my associates, and my fondness for young company, were such strong allurements, I would again give way, and thus I got to be very wild and rude, at the same time kept up my rounds of secret prayer and reading; but God, not willing I should destroy myself, still followed me with his calls, and moved with such power upon my conscience, that I could not satisfy myself with my diversions, and in the midst of my mirth sometimes would have such a sense of my lost and undone condition, that I would wish myself from the company, and after it was over, when I went home, would make many promises that I would attend no more on these frolics, and would beg forgiveness for hours and hours; but when I came to have the temptation again, I would give way: no sooner would I hear the music and drink a glass of wine, but I would find my mind elevated and soon proceed to any sort of merriment or diversion, that I thought was not debauched or openly vicious; but when I returned from my carnal mirth I felt as guilty as ever, and could sometimes not close my eyes for some hours after I had gone to my bed. I was one of the most unhappy creatures on earth.",inner_conflict,402,"James, W. (1902). The Varieties of Religious Experience. Longmans, Green & Co. (Public domain.)"
james_17,"“Sometimes I would leave the company (often speaking to the fiddler to cease from playing, as if I was tired), and go out and walk about crying and praying, as if my very heart would break, and beseeching God that he would not cut me off, nor give me up to hardness of heart. Oh, what unhappy hours and nights I thus wore away! When I met sometimes with merry companions, and my heart was ready to sink, I would labor to put on as cheerful a countenance as possible, that they might not distrust anything, and sometimes would begin some discourse with young men or young women on purpose, or propose a merry song, lest the distress of my soul would be discovered, or mistrusted, when at the same time I would then rather have been in a wilderness in exile, than with them or any of their pleasures or enjoyments. Thus for many months when I was in company, I would act the hypocrite and feign a merry heart, but at the same time would endeavor as much as I could to shun their company, oh wretched and unhappy mortal that I was! Everything I did, and wherever I went, I was still in a storm, and yet I continued to be the chief contriver and ringleader of the frolics for many months after; though it was a toil and torment to attend them; but the devil and my own wicked heart drove me about like a slave, telling me that I must do this and do that, and bear this and bear that, and turn here and turn there, to keep my credit up, and retain the esteem of my associates: and all this while I continued as strict as possible in my duties, and left no stone unturned to pacify my conscience, watching even against my thoughts, and praying continually wherever I went: for I did not think there was any sin in my conduct, when I was among carnal company, because I did not take any satisfaction there, but only followed it, I thought, for sufficient reasons.",melancholy,352,"James, W. (1902). The Varieties of Religious Experience. Longmans, Green & Co. (Public domain.)"
james_18,"A young man, it appears, “wasted, in two or three years, a large patrimony in profligate revels with a number of worthless associates who called themselves his friends, and who, when his last means were exhausted, treated him of course with neglect or contempt. Reduced to absolute want, he one day went out of the house with an intention to put an end to his life; but wandering awhile almost unconsciously, he came to the brow of an eminence which overlooked what were lately his estates. Here he sat down, and remained fixed in thought a number of hours, at the end of which he sprang from the ground with a vehement, exulting emotion. He had formed his resolution, which was, that all these estates should be his again; he had formed his plan, too, which he instantly began to execute. He walked hastily forward, determined to seize the first opportunity, of however humble a kind, to gain any money, though it were ever so despicable a trifle, and resolved absolutely not to spend, if he could help it, a farthing of whatever he might obtain. The first thing that drew his attention was a heap of coals shot out of carts on the pavement before a house. He offered himself to shovel or wheel them into the place where they were to be laid, and was employed. He received a few pence for the labor; and then, in pursuance of the saving part of his plan, requested some small gratuity of meat and drink, which was given him. He then looked out for the next thing that might chance; and went, with indefatigable industry, through a succession of servile employments in different places, of longer and shorter duration, still scrupulous in avoiding, as far as possible, the expense of a penny. He promptly seized every opportunity which could advance his design, without regarding the meanness of occupation or appearance. By this method he had gained, after a considerable time, money enough to purchase in order to sell again a few cattle, of which he had taken pains to understand the value. He speedily but cautiously turned his first gains into second advantages; retained without a single deviation his extreme parsimony; and thus advanced by degrees into larger transactions and incipient wealth. I did not hear, or have forgotten, the continued course of his life, but the final result was, that he more than recovered his lost possessions, and died an inveterate miser, worth £60,000.”(94)",conversion,415,"James, W. (1902). The Varieties of Religious Experience. Longmans, Green & Co. (Public domain.)"
james_19,"“At first, I began to feel my heart beat very quick all on a sudden, which made me at first think that perhaps something is going to ail me, though I was not alarmed, for I felt no pain. My heart increased in its beating, which soon convinced me that it was the Holy Spirit from the effect it had on me. I began to feel exceedingly happy and humble, and such a sense of unworthiness as I never felt before. I could not very well help speaking out, which I did, and said, Lord, I do not deserve this happiness, or words to that effect, while there was a stream (resembling air in feeling) came into my mouth and heart in a more sensible manner than that of drinking anything, which continued, as near as I could judge, five minutes or more, which appeared to be the cause of such a palpitation of my heart. It took complete possession of my soul, and I am certain that I desired the Lord, while in the midst of it, not to give me any more happiness, for it seemed as if I could not contain what I had got. My heart seemed as if it would burst, but it did not stop until I felt as if I was unutterably full of the love and grace of God. In the mean time while thus exercised, a thought arose in my mind, what can it mean? and all at once, as if to answer it, my memory became exceedingly clear, and it appeared to me just as if the New Testament was placed open before me, eighth chapter of Romans, and as light as if some candle lighted was held for me to read the 26th and 27th verses of that chapter, and I read these words: ‘The Spirit helpeth our infirmities with groanings which cannot be uttered.’ And all the time that my heart was abeating, it made me groan like a person in distress, which was not very easy to stop, though I was in no pain at all, and my brother being in bed in another room came and opened the door, and asked me if I had got the toothache. I told him no, and that he might get to sleep. I tried to stop. I felt unwilling to go to sleep myself, I was so happy, fearing I should lose it—thinking within myself",spiritual_experience,406,"James, W. (1902). The Varieties of Religious Experience. Longmans, Green & Co. (Public domain.)"
james_20,"And while I lay reflecting, after my heart stopped beating, feeling as if my soul was full of the Holy Spirit, I thought that perhaps there might be angels hovering round my bed. I felt just as if I wanted to converse with them, and finally I spoke, saying, ‘O ye affectionate angels! how is it that ye can take so much interest in our welfare, and we take so little interest in our own.’ After this, with difficulty I got to sleep; and when I awoke in the morning my first thoughts were: What has become of my happiness? and, feeling a degree of it in my heart, I asked for more, which was given to me as quick as thought. I then got up to dress myself, and found to my surprise that I could but just stand. It appeared to me as if it was a little heaven upon earth. My soul felt as completely raised above the fears of death as of going to sleep; and like a bird in a cage, I had a desire, if it was the will of God, to get released from my body and to dwell with Christ, though willing to live to do good to others, and to warn sinners to repent. I went downstairs feeling as solemn as if I had lost all my friends, and thinking with myself, that I would not let my parents know it until I had first looked into the Testament. I went directly to the shelf and looked into it, at the eighth chapter of Romans, and every verse seemed to almost speak and to confirm it to be truly the Word of God, and as if my feelings corresponded with the meaning of the word. I then told my parents of it, and told them that I thought that they must see that when I spoke, that it was not my own voice, for it appeared so to me. My speech seemed entirely under the control of the Spirit within me; I do not mean that the words which I spoke were not my own, for they were. I thought that I was influenced similar to the Apostles on the day of Pentecost (with the exception of having power to give it to others, and doing what they did). After breakfast I went round to converse with my neighbors on religion, which I could not have been hired to have done before this, and at their request I prayed with them, though I had never prayed in public before.",spiritual_experience,428,"James, W. (1902). The Varieties of Religious Experience. Longmans, Green & Co. (Public domain.)"
james_21,"“One Tuesday evening I sat in a saloon in Harlem, a homeless, friendless, dying drunkard. I had pawned or sold everything that would bring a drink. I could not sleep unless I was dead drunk. I had not eaten for days, and for four nights preceding I had suffered with delirium tremens, or the horrors, from midnight till morning. I had often said, ‘I will never be a tramp. I will never be cornered, for when that time comes, if ever it comes, I will find a home in the bottom of the river.’ But the Lord so ordered it that when that time did come I was not able to walk one quarter of the way to the river. As I sat there thinking, I seemed to feel some great and mighty presence. I did not know then what it was. I did learn afterwards that it was Jesus, the sinner’s friend. I walked up to the bar and pounded it with my fist till I made the glasses rattle. Those who stood by drinking looked on with scornful curiosity. I said I would never take another drink, if I died on the street, and really I felt as though that would happen before morning. Something said, ‘If you want to keep this promise, go and have yourself locked up.’ I went to the nearest stationhouse and had myself locked up.",conversion,232,"James, W. (1902). The Varieties of Religious Experience. Longmans, Green & Co. (Public domain.)"
james_22,"“I was placed in a narrow cell, and it seemed as though all the demons that could find room came in that place with me. This was not all the company I had, either. No, praise the Lord; that dear Spirit that came to me in the saloon was present, and said, Pray. I did pray, and though I did not feel any great help, I kept on praying. As soon as I was able to leave my cell I was taken to the police court and remanded back to the cell. I was finally released, and found my way to my brother’s house, where every care was given me. While lying in bed the admonishing Spirit never left me, and when I arose the following Sabbath morning I felt that day would decide my fate, and toward evening it came into my head to go to Jerry M’Auley’s Mission. I went. The house was packed, and with great difficulty I made my way to the space near the platform. There I saw the apostle to the drunkard and the outcast—that man of God, Jerry M’Auley. He rose, and amid deep silence told his experience. There was a sincerity about this man that carried conviction with it, and I found myself saying, ‘I wonder if God can save _me_?’ I listened to the testimony of twentyfive or thirty persons, every one of whom had been saved from rum, and I made up my mind that I would be saved or die right there. When the invitation was given, I knelt down with a crowd of drunkards. Jerry made the first prayer. Then Mrs. M’Auley prayed fervently for us. Oh, what a conflict was going on for my poor soul! A blessed whisper said, ‘Come’; the devil said, ‘Be careful.’ I halted but a moment, and then, with a breaking heart, I said, ‘Dear Jesus, can you help me?’ Never with mortal tongue can I describe that moment. Although up to that moment my soul had been filled with indescribable gloom, I felt the glorious brightness of the noonday sun shine into my heart. I felt I was a free man. Oh, the precious feeling of safety, of freedom, of resting on Jesus! I felt that Christ with all his brightness and power had come into my life; that, indeed, old things had passed away and all things had become new.",conversion,400,"James, W. (1902). The Varieties of Religious Experience. Longmans, Green & Co. (Public domain.)"
james_23,"“One morning, while I was walking in a solitary place as usual, I at once saw that all my contrivances and projects to effect or procure deliverance and salvation for myself were utterly in vain; I was brought quite to a stand, as finding myself totally lost. I saw that it was forever impossible for me to do anything towards helping or delivering myself, that I had made all the pleas I ever could have made to all eternity; and that all my pleas were vain, for I saw that selfinterest had led me to pray, and that I had never once prayed from any respect to the glory of God. I saw that there was no necessary connection between my prayers and the bestowment of divine mercy; that they laid not the least obligation upon God to bestow his grace upon me; and that there was no more virtue or goodness in them than there would be in my paddling with my hand in the water. I saw that I had been heaping up my devotions before God, fasting, praying, etc., pretending, and indeed really thinking sometimes that I was aiming at the glory of God; whereas I never once truly intended it, but only my own happiness. I saw that as I had never done anything for God, I had no claim on anything from him but perdition, on account of my hypocrisy and mockery. When I saw evidently that I had regard to nothing but selfinterest, then my duties appeared a vile mockery and a continual course of lies, for the whole was nothing but selfworship, and an horrid abuse of God.",conversion,275,"James, W. (1902). The Varieties of Religious Experience. Longmans, Green & Co. (Public domain.)"
james_24,"“I continued, as I remember, in this state of mind, from Friday morning till the Sabbath evening following (July 12, 1739), when I was walking again in the same solitary place. Here, in a mournful melancholy state _I was attempting to pray; but found no heart to engage in that or any other duty; my former concern, exercise, and religious affections were now gone. I thought that the Spirit of God had quite left me; but still was not distressed; yet disconsolate, as if there was nothing in heaven or earth could make me happy. Having been thus endeavoring to pray—though, as I thought, very stupid and senseless_—for near half an hour; then, as I was walking in a thick grove, unspeakable glory seemed to open to the apprehension of my soul. I do not mean any external brightness, nor any imagination of a body of light, but it was a new inward apprehension or view that I had of God, such as I never had before, nor anything which had the least resemblance to it. I had no particular apprehension of any one person in the Trinity, either the Father, the Son, or the Holy Ghost; but it appeared to be Divine glory. My soul rejoiced with joy unspeakable, to see such a God, such a glorious Divine Being; and I was inwardly pleased and satisfied that he should be God over all for ever and ever. My soul was so captivated and delighted with the excellency of God that I was even swallowed up in him; at least to that degree that I had no thought about my own salvation, and scarce reflected that there was such a creature as myself. I continued in this state of inward joy, peace, and astonishing, till near dark without any sensible abatement; and then began to think and examine what I had seen; and felt sweetly composed in my mind all the evening following. I felt myself in a new world, and everything about me appeared with a different aspect from what it was wont to do. At this time, the way of salvation opened to me with such infinite wisdom, suitableness, and excellency, that I wondered I should ever think of any other way of salvation; was amazed that I had not dropped my own contrivances, and complied with this lovely, blessed, and excellent way before. If I could have been saved by my own duties or any other way that I had formerly contrived, my whole soul would now have refused it. I wondered that all the world did not see and comply with this way of salvation, entirely by the righteousness of Christ.”(116)",conversion,445,"James, W. (1902). The Varieties of Religious Experience. Longmans, Green & Co. (Public domain.)"
james_25,"“These discoveries continued until I went into the house and sat down. After I sat down, being all in confusion, like a drowning man that was just giving up to sink, and almost in an agony, I turned very suddenly round in my chair, and seeing part of an old Bible lying in one of the chairs, I caught hold of it in great haste; and opening it without any premeditation, cast my eyes on the 38th Psalm, which was the first time I ever saw the word of God: it took hold of me with such power that it seemed to go through my whole soul, so that it seemed as if God was praying in, with, and for me. About this time my father called the family to attend prayers; I attended, but paid no regard to what he said in his prayer, but continued praying in those words of the Psalm. Oh, help me, help me! cried I, thou Redeemer of souls, and save me, or I am gone forever; thou canst this night, if thou pleasest, with one drop of thy blood atone for my sins, and appease the wrath of an angry God. At that instant of time when I gave all up to him to do with me as he pleased, and was willing that God should rule over me at his pleasure, redeeming love broke into my soul with repeated scriptures, with such power that my whole soul seemed to be melted down with love; the burden of guilt and condemnation was gone, darkness was expelled, my heart humbled and filled with gratitude, and my whole soul, that was a few minutes ago groaning under mountains of death, and crying to an unknown God for help, was now filled with immortal love, soaring on the wings of faith, freed from the chains of death and darkness, and crying out, My Lord and my God; thou art my rock and my fortress, my shield and my high tower, my life, my joy, my present and my everlasting portion. Looking up, I thought I saw that same light [he had on more than one previous occasion seen subjectively a bright blaze of light], though it appeared different; and as soon as I saw it, the design was opened to me, according to his promise, and I was obliged to cry out: Enough, enough, O blessed God! The work of conversion, the change, and the manifestations of it are no more disputable than that light which I see, or anything that ever I saw.",conversion,428,"James, W. (1902). The Varieties of Religious Experience. Longmans, Green & Co. (Public domain.)"
james_26,"“I was converted in my own bedroom in my father’s rectory house at precisely three o’clock in the afternoon of a hot July day (July 13, 1886). I was in perfect health, having been off from the drink for nearly a month. I was in no way troubled about my soul. In fact, God was not in my thoughts that day. A young lady friend sent me a copy of Professor Drummond’s Natural Law in the Spiritual World, asking me my opinion of it as a literary work only. Being proud of my critical talents and wishing to enhance myself in my new friend’s esteem, I took the book to my bedroom for quiet, intending to give it a thorough study, and then write her what I thought of it. It was here that God met me face to face, and I shall never forget the meeting. ‘He that hath the Son hath life eternal, he that hath not the Son hath not life.’ I had read this scores of times before, but this made all the difference. I was now in God’s presence and my attention was absolutely ‘soldered’ on to this verse, and I was not allowed to proceed with the book till I had fairly considered what these words really involved. Only then was I allowed to proceed, feeling all the while that there was another being in my bedroom, though not seen by me. The stillness was very marvelous, and I felt supremely happy. It was most unquestionably shown me, in one second of time, that I had never touched the Eternal: and that if I died then, I must inevitably be lost. I was undone. I knew it as well as I now know I am saved. The Spirit of God showed it me in ineffable love; there was no terror in it; I felt God’s love so powerfully upon me that only a mighty sorrow crept over me that I had lost all through my own folly; and what was I to do? What could I do? I did not repent even; God never asked me to repent. All I felt was ‘I am undone,’ and God cannot help it, although he loves me. No fault on the part of the Almighty. All the time I was supremely happy: I felt like a little child before his father. I had done wrong, but my Father did not scold me, but loved me most wondrously. Still my doom was sealed. I was lost to a certainty, and being naturally of a brave disposition I did not quail under it, but deep sorrow for the past, mixed with regret for what I had lost, took hold upon me, and my soul thrilled within me to think it was all over. Then there crept in upon me so gently, so lovingly, so unmistakably, a way of escape, and what was it after all? The old, old story over again, told in the simplest way: ‘There is no name under heaven whereby ye can be saved except that of the Lord Jesus Christ.’ No words were spoken to me; my soul seemed to see my Saviour in the spirit, and from that hour to this, nearly nine years now, there has never been in my life one doubt that the Lord Jesus Christ and God the Father both worked upon me that afternoon in July, both differently, and both in the most perfect love conceivable, and I rejoiced there and then in a conversion so astounding that the whole village heard of it in less than twentyfour hours.",conversion,600,"James, W. (1902). The Varieties of Religious Experience. Longmans, Green & Co. (Public domain.)"
james_27,"“But a time of trouble was yet to come. The day after my conversion I went into the hayfield to lend a hand with the harvest, and not having made any promise to God to abstain or drink in moderation only, I took too much and came home drunk. My poor sister was heartbroken; and I felt ashamed of myself and got to my bedroom at once, where she followed me, weeping copiously. She said I had been converted and fallen away instantly. But although I was quite full of drink (not muddled, however), I knew that God’s work begun in me was not going to be wasted. About midday I made on my knees the first prayer before God for twenty years. I did not ask to be forgiven; I felt that was no good, for I would be sure to fall again. Well, what did I do? I committed myself to him in the profoundest belief that my individuality was going to be destroyed, that he would take all from me, and I was willing. In such a surrender lies the secret of a holy life. From that hour drink has had no terrors for me: I never touch it, never want it. The same thing occurred with my pipe: after being a regular smoker from my twelfth year the desire for it went at once, and has never returned. So with every known sin, the deliverance in each case being permanent and complete. I have had no temptation since conversion, God seemingly having shut out Satan from that course with me. He gets a free hand in other ways, but never on sins of the flesh. Since I gave up to God all ownership in my own life, he has guided me in a thousand ways, and has opened my path in a way almost incredible to those who do not enjoy the blessing of a truly surrendered life.”",relapse,322,"James, W. (1902). The Varieties of Religious Experience. Longmans, Green & Co. (Public domain.)"
james_28,"“I came out as from a sepulchre, from an abyss of darkness; and I was living, perfectly living. But I wept, for at the bottom of that gulf I saw the extreme of misery from which I had been saved by an infinite mercy; and I shuddered at the sight of my iniquities, stupefied, melted, overwhelmed with wonder and with gratitude. You may ask me how I came to this new insight, for truly I had never opened a book of religion nor even read a single page of the Bible, and the dogma of original sin is either entirely denied or forgotten by the Hebrews of today, so that I had thought so little about it that I doubt whether I ever knew its name. But how came I, then, to this perception of it? I can answer nothing save this, that on entering that church I was in darkness altogether, and on coming out of it I saw the fullness of the light. I can explain the change no better than by the simile of a profound sleep or the analogy of one born blind who should suddenly open his eyes to the day. He sees, but cannot define the light which bathes him and by means of which he sees the objects which excite his wonder. If we cannot explain physical light, how can we explain the light which is the truth itself? And I think I remain within the limits of veracity when I say that without having any knowledge of the letter of religious doctrine, I now intuitively perceived its sense and spirit. Better than if I saw them, I _felt_ those hidden things; I felt them by the inexplicable effects they produced in me. It all happened in my interior mind; and those impressions, more rapid than thought, shook my soul, revolved and turned it, as it were, in another direction, towards other aims, by other paths. I express myself badly. But do you wish, Lord, that I should inclose in poor and barren words sentiments which the heart alone can understand?”",conversion,348,"James, W. (1902). The Varieties of Religious Experience. Longmans, Green & Co. (Public domain.)"
james_29,"“My sadness,” he says, “was without limit, and having got entire possession of me, it filled my life from the most indifferent external acts to the most secret thoughts, and corrupted at their source my feelings, my judgment, and my happiness. It was then that I saw that to expect to put a stop to this disorder by my reason and my will, which were themselves diseased, would be to act like a blind man who should pretend to correct one of his eyes by the aid of the other equally blind one. I had then no resource save in _some influence from without_. I remembered the promise of the Holy Ghost; and what the positive declarations of the Gospel had never succeeded in bringing home to me, I learned at last from necessity, and believed, for the first time in my life, in this promise, in the only sense in which it answered the needs of my soul, in that, namely, of a real external supernatural action, capable of giving me thoughts, and taking them away from me, and exerted on me by a God as truly master of my heart as he is of the rest of nature. Renouncing then all merit, all strength, abandoning all my personal resources, and acknowledging no other title to his mercy than my own utter misery, I went home and threw myself on my knees, and prayed as I never yet prayed in my life. From this day onwards a new interior life began for me: not that my melancholy had disappeared, but it had lost its sting. Hope had entered into my heart, and once entered on the path, the God of Jesus Christ, to whom I then had learned to give myself up, little by little did the rest.”(129)",depression,299,"James, W. (1902). The Varieties of Religious Experience. Longmans, Green & Co. (Public domain.)"
james_30,"“God,” says Luther, “is the God of the humble, the miserable, the oppressed, and the desperate, and of those that are brought even to nothing; and his nature is to give sight to the blind, to comfort the brokenhearted, to justify sinners, to save the very desperate and damned. Now that pernicious and pestilent opinion of man’s own righteousness, which will not be a sinner, unclean, miserable, and damnable, but righteous and holy, suffereth not God to come to his own natural and proper work. Therefore God must take this maul in hand (the law, I mean) to beat in pieces and bring to nothing this beast with her vain confidence, that she may so learn at length by her own misery that she is utterly forlorn and damned. But here lieth the difficulty, that when a man is terrified and cast down, he is so little able to raise himself up again and say, ‘Now I am bruised and afflicted enough; now is the time of grace; now is the time to hear Christ.’ The foolishness of man’s heart is so great that then he rather seeketh to himself more laws to satisfy his conscience. ‘If I live,’ saith he, ‘I will amend my life: I will do this, I will do that.’ But here, except thou do the quite contrary, except thou send Moses away with his law, and in these terrors and this anguish lay hold upon Christ who died for thy sins, look for no salvation. Thy cowl, thy shaven crown, thy chastity, thy obedience, thy poverty, thy works, thy merits? what shall all these do? what shall the law of Moses avail? If I, wretched and damnable sinner, through works or merits could have loved the Son of God, and so come to him, what needed he to deliver himself for me? If I, being a wretch and damned sinner, could be redeemed by any other price, what needed the Son of God to be given? But because there was no other price, therefore he delivered neither sheep, ox, gold, nor silver, but even God himself, entirely and wholly ‘for me,’ even ‘for me,’ I say, a miserable, wretched sinner. Now, therefore, I take comfort and apply this to _myself_. And this manner of applying is the very true force and power of faith. For he died _not_ to justify the righteous, but the _un_righteous, and to make _them_ the children of God.”(130)",despair,408,"James, W. (1902). The Varieties of Religious Experience. Longmans, Green & Co. (Public domain.)"
james_31,"“I know not how I got back into the encampment, but found myself staggering up to Rev. ——’s Holiness tent—and as it was full of seekers and a terrible noise inside, some groaning, some laughing, and some shouting, and by a large oak, ten feet from the tent, I fell on my face by a bench, and tried to pray, and every time I would call on God, something like a man’s hand would strangle me by choking. I don’t know whether there were any one around or near me or not. I thought I should surely die if I did not get help, but just as often as I would pray, that unseen hand was felt on my throat and my breath squeezed off. Finally something said: ‘Venture on the atonement, for you will die anyway if you don’t.’ So I made one final struggle to call on God for mercy, with the same choking and strangling, determined to finish the sentence of prayer for Mercy, if I did strangle and die, and the last I remember that time was falling back on the ground with the same unseen hand on my throat. I don’t know how long I lay there or what was going on. None of my folks were present. When I came to myself, there were a crowd around me praising God. The very heavens seemed to open and pour down rays of light and glory. Not for a moment only, but all day and night, floods of light and glory seemed to pour through my soul, and oh, how I was changed, and everything became new. My horses and hogs and even everybody seemed changed.”",revival,280,"James, W. (1902). The Varieties of Religious Experience. Longmans, Green & Co. (Public domain.)"
james_32,"“All my feelings seemed to rise and flow out; and the utterance of my heart was, ‘I want to pour my whole soul out to God.’ The rising of my soul was so great that I rushed into the back room of the front office, to pray. There was no fire and no light in the room; nevertheless it appeared to me as if it were perfectly light. As I went in and shut the door after me, it seemed as if I met the Lord Jesus Christ face to face. It did not occur to me then, nor did it for some time afterwards, that it was wholly a mental state. On the contrary, it seemed to me that I saw him as I would see any other man. He said nothing, but looked at me in such a manner as to break me right down at his feet. I have always since regarded this as a most remarkable state of mind; for it seemed to me a reality that he stood before me, and I fell down at his feet and poured out my soul to him. I wept aloud like a child, and made such confessions as I could with my choked utterance. It seemed to me that I bathed his feet with my tears; and yet I had no distinct impression that I touched him, that I recollect. I must have continued in this state for a good while; but my mind was too much absorbed with the interview to recollect anything that I said. But I know, as soon as my mind became calm enough to break off from the interview, I returned to the front office, and found that the fire that I had made of large wood was nearly burned out. But as I turned and was about to take a seat by the fire, I received a mighty baptism of the Holy Ghost. Without any expectation of it, without ever having the thought in my mind that there was any such thing for me, without any recollection that I had ever heard the thing mentioned by any person in the world, the Holy Spirit descended upon me in a manner that seemed to go through me, body and soul. I could feel the impression, like a wave of electricity, going through and through me. Indeed, it seemed to come in waves and waves of liquid love; for I could not express it in any other way. It seemed like the very breath of God. I can recollect distinctly that it seemed to fan me, like immense wings.",prayer,435,"James, W. (1902). The Varieties of Religious Experience. Longmans, Green & Co. (Public domain.)"
james_33,"“Last night,” Mrs. Edwards writes, “was the sweetest night I ever had in my life. I never before, for so long a time together, enjoyed so much of the light and rest and sweetness of heaven in my soul, but without the least agitation of body during the whole time. Part of the night I lay awake, sometimes asleep, and sometimes between sleeping and waking. But all night I continued in a constant, clear, and lively sense of the heavenly sweetness of Christ’s excellent love, of his nearness to me, and of my dearness to him; with an inexpressibly sweet calmness of soul in an entire rest in him. I seemed to myself to perceive a glow of divine love come down from the heart of Christ in heaven into my heart in a constant stream, like a stream or pencil of sweet light. At the same time my heart and soul all flowed out in love to Christ, so that there seemed to be a constant flowing and reflowing of heavenly love, and I appeared to myself to float or swim, in these bright, sweet beams, like the motes swimming in the beams of the sun, or the streams of his light which come in at the window. I think that what I felt each minute was worth more than all the outward comfort and pleasure which I had enjoyed in my whole life put together. It was pleasure, without the least sting, or any interruption. It was a sweetness, which my soul was lost in; it seemed to be all that my feeble frame could sustain. There was but little difference, whether I was asleep or awake, but if there was any difference, the sweetness was greatest while I was asleep.(158) As I awoke early the next morning, it seemed to me that I had entirely done with myself. I felt that the opinions of the world concerning me were nothing, and that I had no more to do with any outward interest of my own than with that of a person whom I never saw. The glory of God seemed to swallow up every wish and desire of my heart.... After retiring to rest and sleeping a little while, I awoke, and was led to reflect on God’s mercy to me, in giving me, for many years, a willingness to die; and after that, in making me willing to live, that I might do and suffer whatever he called me to here. I also thought how God had graciously given me an entire resignation to his will, with respect to the kind and manner of death that I should die; having been made willing to die on the rack, or at the stake, and if it were God’s will, to die in darkness. But now it occurred to me, I used to think of living no longer than to the ordinary age of man. Upon this I was led to ask myself, whether I was not willing to be kept out of heaven even longer; and my whole heart seemed immediately to reply: Yes, a thousand years, and a thousand in horror, if it be most for the honor of God, the torment of my body being so great, awful, and overwhelming that none could bear to live in the country where the spectacle was seen, and the torment of my mind being vastly greater. And it seemed to me that I found a perfect willingness, quietness, and alacrity of soul in consenting that it should be so, if it were most for the glory of God, so that there was no hesitation, doubt, or darkness in my mind. The glory of God seemed to overcome me and swallow me up, and every conceivable suffering, and everything that was terrible to my nature, seemed to shrink to nothing before it. This resignation continued in its clearness and brightness the rest of the night, and all the next day, and the night following, and on Monday in the forenoon, without interruption or abatement.”(159)",mystical,675,"James, W. (1902). The Varieties of Religious Experience. Longmans, Green & Co. (Public domain.)"
james_34,"“When the Lord sent me into the world,” says Fox in his Journal, “he forbade me to put off my hat to any, high or low: and I was required to ‘thee’ and ‘thou’ all men and women, without any respect to rich or poor, great or small. And as I traveled up and down, I was not to bid people Goodmorning, or Goodevening, neither might I bow or scrape with my leg to any one. This made the sects and professions rage. Oh! the rage that was in the priests, magistrates, professors, and people of all sorts: and especially in priests and professors: for though ‘thou’ to a single person was according to their accidence and grammar rules, and according to the Bible, yet they could not bear to hear it: and because I could not put off my hat to them, it set them all into a rage.... Oh! the scorn, heat, and fury that arose! Oh! the blows, punchings, beatings, and imprisonments that we underwent for not putting off our hats to men! Some had their hats violently plucked off and thrown away, so that they quite lost them. The bad language and evil usage we received on this account is hard to be expressed, besides the danger we were sometimes in of losing our lives for this matter, and that by the great professors of Christianity, who thereby discovered they were not true believers. And though it was but a small thing in the eye of man, yet a wonderful confusion it brought among all professors and priests: but, blessed be the Lord, many came to see the vanity of that custom of putting off hats to men, and felt the weight of Truth’s testimony against it.”",asceticism,291,"James, W. (1902). The Varieties of Religious Experience. Longmans, Green & Co. (Public domain.)"
james_35,"“He was in his youth of a temperament full of fire and life; and when this began to make itself felt, it was very grievous to him; and he sought by many devices how he might bring his body into subjection. He wore for a long time a hair shirt and an iron chain, until the blood ran from him, so that he was obliged to leave them off. He secretly caused an undergarment to be made for him; and in the undergarment he had strips of leather fixed, into which a hundred and fifty brass nails, pointed and filed sharp, were driven, and the points of the nails were always turned towards the flesh. He had this garment made very tight, and so arranged as to go round him and fasten in front, in order that it might fit the closer to his body, and the pointed nails might be driven into his flesh; and it was high enough to reach upwards to his navel. In this he used to sleep at night. Now in summer, when it was hot, and he was very tired and ill from his journeyings, or when he held the office of lecturer, he would sometimes, as he lay thus in bonds, and oppressed with toil, and tormented also by noxious insects, cry aloud and give way to fretfulness, and twist round and round in agony, as a worm does when run through with a pointed needle. It often seemed to him as if he were lying upon an anthill, from the torture caused by the insects; for if he wished to sleep, or when he had fallen asleep, they vied with one another.(182) Sometimes he cried to Almighty God in the fullness of his heart: Alas! Gentle God, what a dying is this! When a man is killed by murderers or strong beasts of prey it is soon over; but I lie dying here under the cruel insects, and yet cannot die. The nights in winter were never so long, nor was the summer so hot, as to make him leave off this exercise. On the contrary, he devised something farther—two leathern loops into which he put his hands, and fastened one on each side his throat, and made the fastenings so secure that even if his cell had been on fire about him, he could not have helped himself. This he continued until his hands and arms had become almost tremulous with the strain, and then he devised something else: two leather gloves; and he caused a brazier to fit them all over with sharppointed brass tacks, and he used to put them on at night, in order that if he should try while asleep to throw off the hair undergarment, or relieve himself from the gnawings of the vile insects, the tacks might then stick into his body. And so it came to pass. If ever he sought to help himself with his hands in his sleep, he drove the sharp tacks into his breast, and tore himself, so that his flesh festered. When after many weeks the wounds had healed, he tore himself again and made fresh wounds.",asceticism,528,"James, W. (1902). The Varieties of Religious Experience. Longmans, Green & Co. (Public domain.)"
james_36,"“Suddenly,” writes Symonds, “at church, or in company, or when I was reading, and always, I think, when my muscles were at rest, I felt the approach of the mood. Irresistibly it took possession of my mind and will, lasted what seemed an eternity, and disappeared in a series of rapid sensations which resembled the awakening from anæsthetic influence. One reason why I disliked this kind of trance was that I could not describe it to myself. I cannot even now find words to render it intelligible. It consisted in a gradual but swiftly progressive obliteration of space, time, sensation, and the multitudinous factors of experience which seem to qualify what we are pleased to call our Self. In proportion as these conditions of ordinary consciousness were subtracted, the sense of an underlying or essential consciousness acquired intensity. At last nothing remained but a pure, absolute, abstract Self. The universe became without form and void of content. But Self persisted, formidable in its vivid keenness, feeling the most poignant doubt about reality, ready, as it seemed, to find existence break as breaks a bubble round about it. And what then? The apprehension of a coming dissolution, the grim conviction that this state was the last state of the conscious Self, the sense that I had followed the last thread of being to the verge of the abyss, and had arrived at demonstration of eternal Maya or illusion, stirred or seemed to stir me up again. The return to ordinary conditions of sentient existence began by my first recovering the power of touch, and then by the gradual though rapid influx of familiar impressions and diurnal interests. At last I felt myself once more a human being; and though the riddle of what is meant by life remained unsolved, I was thankful for this return from the abyss—this deliverance from so awful an initiation into the mysteries of skepticism.",mystical,318,"James, W. (1902). The Varieties of Religious Experience. Longmans, Green & Co. (Public domain.)"
james_37,"“After the choking and stifling had passed away, I seemed at first in a state of utter blankness; then came flashes of intense light, alternating with blackness, and with a keen vision of what was going on in the room around me, but no sensation of touch. I thought that I was near death; when, suddenly, my soul became aware of God, who was manifestly dealing with me, handling me, so to speak, in an intense personal present reality. I felt him streaming in like light upon me.... I cannot describe the ecstasy I felt. Then, as I gradually awoke from the influence of the anæsthetics, the old sense of my relation to the world began to return, the new sense of my relation to God began to fade. I suddenly leapt to my feet on the chair where I was sitting, and shrieked out, ‘It is too horrible, it is too horrible, it is too horrible,’ meaning that I could not bear this disillusionment. Then I flung myself on the ground, and at last awoke covered with blood, calling to the two surgeons (who were frightened), ‘Why did you not kill me? Why would you not let me die?’ Only think of it. To have felt for that long dateless ecstasy of vision the very God, in all purity and tenderness and truth and absolute love, and then to find that I had after all had no revelation, but that I had been tricked by the abnormal excitement of my brain.",mystical,252,"James, W. (1902). The Varieties of Religious Experience. Longmans, Green & Co. (Public domain.)"
james_38,"“One brilliant Sunday morning, my wife and boys went to the Unitarian Chapel in Macclesfield. I felt it impossible to accompany them—as though to leave the sunshine on the hills, and go down there to the chapel, would be for the time an act of spiritual suicide. And I felt such need for new inspiration and expansion in my life. So, very reluctantly and sadly, I left my wife and boys to go down into the town, while I went further up into the hills with my stick and my dog. In the loveliness of the morning, and the beauty of the hills and valleys, I soon lost my sense of sadness and regret. For nearly an hour I walked along the road to the ‘Cat and Fiddle,’ and then returned. On the way back, suddenly, without warning, I felt that I was in Heaven—an inward state of peace and joy and assurance indescribably intense, accompanied with a sense of being bathed in a warm glow of light, as though the external condition had brought about the internal effect—a feeling of having passed beyond the body, though the scene around me stood out more clearly and as if nearer to me than before, by reason of the illumination in the midst of which I seemed to be placed. This deep emotion lasted, though with decreasing strength, until I reached home, and for some time after, only gradually passing away.”",mystical,239,"James, W. (1902). The Varieties of Religious Experience. Longmans, Green & Co. (Public domain.)"
james_39,"“I had spent the evening in a great city, with two friends, reading and discussing poetry and philosophy. We parted at midnight. I had a long drive in a hansom to my lodging. My mind, deeply under the influence of the ideas, images, and emotions called up by the reading and talk, was calm and peaceful. I was in a state of quiet, almost passive enjoyment, not actually thinking, but letting ideas, images, and emotions flow of themselves, as it were, through my mind. All at once, without warning of any kind, I found myself wrapped in a flamecolored cloud. For an instant I thought of fire, an immense conflagration somewhere close by in that great city; the next, I knew that the fire was within myself. Directly afterward there came upon me a sense of exultation, of immense joyousness accompanied or immediately followed by an intellectual illumination impossible to describe. Among other things, I did not merely come to believe, but I saw that the universe is not composed of dead matter, but is, on the contrary, a living Presence; I became conscious in myself of eternal life. It was not a conviction that I would have eternal life, but a consciousness that I possessed eternal life then; I saw that all men are immortal; that the cosmic order is such that without any peradventure all things work together for the good of each and all; that the foundation principle of the world, of all the worlds, is what we call love, and that the happiness of each and all is in the long run absolutely certain. The vision lasted a few seconds and was gone; but the memory of it and the sense of the reality of what it taught has remained during the quarter of a century which has since elapsed. I knew that what the vision showed was true. I had attained to a point of view from which I saw that it must be true. That view, that conviction, I may say that consciousness, has never, even during periods of the deepest depression, been lost.”(242)",mystical,350,"James, W. (1902). The Varieties of Religious Experience. Longmans, Green & Co. (Public domain.)"
james_40,"“The Science of the Sufis,” says the Moslem author, “aims at detaching the heart from all that is not God, and at giving to it for sole occupation the meditation of the divine being. Theory being more easy for me than practice, I read [certain books] until I understood all that can be learned by study and hearsay. Then I recognized that what pertains most exclusively to their method is just what no study can grasp, but only transport, ecstasy, and the transformation of the soul. How great, for example, is the difference between knowing the definitions of health, of satiety, with their causes and conditions, and being really healthy or filled. How different to know in what drunkenness consists,—as being a state occasioned by a vapor that rises from the stomach,—and _being_ drunk effectively. Without doubt, the drunken man knows neither the definition of drunkenness nor what makes it interesting for science. Being drunk, he knows nothing; whilst the physician, although not drunk, knows well in what drunkenness consists, and what are its predisposing conditions. Similarly there is a difference between knowing the nature of abstinence, and _being_ abstinent or having one’s soul detached from the world.—Thus I had learned what words could teach of Sufism, but what was left could be learned neither by study nor through the ears, but solely by giving one’s self up to ecstasy and leading a pious life.",spiritual_practice,235,"James, W. (1902). The Varieties of Religious Experience. Longmans, Green & Co. (Public domain.)"
james_41,"“This retreat only increased my desire to live in solitude, and to complete the purification of my heart and fit it for meditation. But the vicissitudes of the times, the affairs of the family, the need of subsistence, changed in some respects my primitive resolve, and interfered with my plans for a purely solitary life. I had never yet found myself completely in ecstasy, save in a few single hours; nevertheless, I kept the hope of attaining this state. Every time that the accidents led me astray, I sought to return; and in this situation I spent ten years. During this solitary state things were revealed to me which it is impossible either to describe or to point out. I recognized for certain that the Sufis are assuredly walking in the path of God. Both in their acts and in their inaction, whether internal or external, they are illumined by the light which proceeds from the prophetic source. The first condition for a Sufi is to purge his heart entirely of all that is not God. The next key of the contemplative life consists in the humble prayers which escape from the fervent soul, and in the meditations on God in which the heart is swallowed up entirely. But in reality this is only the beginning of the Sufi life, the end of Sufism being total absorption in God. The intuitions and all that precede are, so to speak, only the threshold for those who enter. From the beginning, revelations take place in so flagrant a shape that the Sufis see before them, whilst wide awake, the angels and the souls of the prophets. They hear their voices and obtain their favors. Then the transport rises from the perception of forms and figures to a degree which escapes all expression, and which no man may seek to give an account of without his words involving sin.",spiritual_practice,316,"James, W. (1902). The Varieties of Religious Experience. Longmans, Green & Co. (Public domain.)"
james_42,"“Often, infirm and wrought upon with dreadful pains before the ecstasy, the soul emerges from it full of health and admirably disposed for action ... as if God had willed that the body itself, already obedient to the soul’s desires, should share in the soul’s happiness.... The soul after such a favor is animated with a degree of courage so great that if at that moment its body should be torn to pieces for the cause of God, it would feel nothing but the liveliest comfort. Then it is that promises and heroic resolutions spring up in profusion in us, soaring desires, horror of the world, and the clear perception of our proper nothingness.... What empire is comparable to that of a soul who, from this sublime summit to which God has raised her, sees all the things of earth beneath her feet, and is captivated by no one of them? How ashamed she is of her former attachments! How amazed at her blindness! What lively pity she feels for those whom she recognizes still shrouded in the darkness!... She groans at having ever been sensitive to points of honor, at the illusion that made her ever see as honor what the world calls by that name. Now she sees in this name nothing more than an immense lie of which the world remains a victim. She discovers, in the new light from above, that in genuine honor there is nothing spurious, that to be faithful to this honor is to give our respect to what deserves to be respected really, and to consider as nothing, or as less than nothing, whatsoever perishes and is not agreeable to God.... She laughs when she sees grave persons, persons of orison, caring for points of honor for which she now feels profoundest contempt. It is suitable to the dignity of their rank to act thus, they pretend, and it makes them more useful to others. But she knows that in despising the dignity of their rank for the pure love of God they would do more good in a single day than they would effect in ten years by preserving it.... She laughs at herself that there should ever have been a time in her life when she made any case of money, when she ever desired it.... Oh! if human beings might only agree together to regard it as so much useless mud, what harmony would then reign in the world! With what friendship we would all treat each other if our interest in honor and in money could but disappear from earth! For my own part, I feel as if it would be a remedy for all our ills.”(260)",mystical,449,"James, W. (1902). The Varieties of Religious Experience. Longmans, Green & Co. (Public domain.)"
james_43,"“Away down in the bottom of my heart, I believe I was always more or less skeptical about ‘God;’ skepticism grew as an undercurrent, all through my early youth, but it was controlled and covered by the emotional elements in my religious growth. When I was sixteen I joined the church and was asked if I loved God. I replied ‘Yes,’ as was customary and expected. But instantly with a flash something spoke within me, ‘No, you do not.’ I was haunted for a long time with shame and remorse for my falsehood and for my wickedness in not loving God, mingled with fear that there might be an avenging God who would punish me in some terrible way.... At nineteen, I had an attack of tonsilitis. Before I had quite recovered, I heard told a story of a brute who had kicked his wife downstairs, and then continued the operation until she became insensible. I felt the horror of the thing keenly. Instantly this thought flashed through my mind: ‘I have no use for a God who permits such things.’ This experience was followed by months of stoical indifference to the God of my previous life, mingled with feelings of positive dislike and a somewhat proud defiance of him. I still thought there might be a God. If so he would probably damn me, but I should have to stand it. I felt very little fear and no desire to propitiate him. I have never had any personal relations with him since this painful experience.”",faith_doubt,256,"James, W. (1902). The Varieties of Religious Experience. Longmans, Green & Co. (Public domain.)"
james_44,"“For two years of this time I went through a very bad experience, which almost drove me mad. I had fallen violently in love with a girl who, young as she was, had a spirit of coquetry like a cat. As I look back on her now, I hate her, and wonder how I could ever have fallen so low as to be worked upon to such an extent by her attractions. Nevertheless, I fell into a regular fever, could think of nothing else; whenever I was alone, I pictured her attractions, and spent most of the time when I should have been working, in recalling our previous interviews, and imagining future conversations. She was very pretty, good humored, and jolly to the last degree, and intensely pleased with my admiration. Would give me no decided answer yes or no, and the queer thing about it was that whilst pursuing her for her hand, I secretly knew all along that she was unfit to be a wife for me, and that she never would say yes. Although for a year we took our meals at the same boardinghouse, so that I saw her continually and familiarly, our closer relations had to be largely on the sly, and this fact, together with my jealousy of another one of her male admirers, and my own conscience despising me for my uncontrollable weakness, made me so nervous and sleepless that I really thought I should become insane. I understand well those young men murdering their sweethearts, which appear so often in the papers. Nevertheless I did love her passionately, and in some ways she did deserve it.",suffering,274,"James, W. (1902). The Varieties of Religious Experience. Longmans, Green & Co. (Public domain.)"
james_45,"“The queer thing was the sudden and unexpected way in which it all stopped. I was going to my work after breakfast one morning, thinking as usual of her and of my misery, when, just as if some outside power laid hold of me, I found myself turning round and almost running to my room, where I immediately got out all the relics of her which I possessed, including some hair, all her notes and letters, and ambrotypes on glass. The former I made a fire of, the latter I actually crushed beneath my heel, in a sort of fierce joy of revenge and punishment. I now loathed and despised her altogether, and as for myself I felt as if a load of disease had suddenly been removed from me. That was the end. I never spoke to her or wrote to her again in all the subsequent years, and I have never had a single moment of loving thought towards one who for so many months entirely filled my heart. In fact, I have always rather hated her memory, though now I can see that I had gone unnecessarily far in that direction. At any rate, from that happy morning onward I regained possession of my own proper soul, and have never since fallen into any similar trap.”",transformation,219,"James, W. (1902). The Varieties of Religious Experience. Longmans, Green & Co. (Public domain.)"
james_46,"“In that time the consciousness of God’s nearness came to me sometimes. I say God, to describe what is indescribable. A presence, I might say, yet that is too suggestive of personality, and the moments of which I speak did not hold the consciousness of a personality, but something in myself made me feel myself a part of something bigger than I, that was controlling. I felt myself one with the grass, the trees, birds, insects, everything in Nature. I exulted in the mere fact of existence, of being a part of it all—the drizzling rain, the shadows of the clouds, the treetrunks, and so on. In the years following, such moments continued to come, but I wanted them constantly. I knew so well the satisfaction of losing self in a perception of supreme power and love, that I was unhappy because that perception was not constant.” The cases quoted in my third lecture, pp. 66, 67, 70, are still better ones of this type. In her essay, The Loss of Personality, in The Atlantic Monthly (vol. lxxxv. p. 195), Miss Ethel D. Puffer explains that the vanishing of the sense of self, and the feeling of immediate unity with the object, is due to the disappearance, in these rapturous experiences, of the motor adjustments which habitually intermediate between the constant background of consciousness (which is the Self) and the object in the foreground, whatever it may be. I must refer the reader to the highly instructive article, which seems to me to throw light upon the psychological conditions, though it fails to account for the rapture or the revelationvalue of the experience in the Subject’s eyes.",presence,277,"James, W. (1902). The Varieties of Religious Experience. Longmans, Green & Co. (Public domain.)"
james_47,"“Jesus has come to take up his abode in my heart. It is not so much a habitation, an association, as a sort of fusion. Oh, new and blessed life! life which becomes each day more luminous.... The wall before me, dark a few moments since, is splendid at this hour because the sun shines on it. Wherever its rays fall they light up a conflagration of glory; the smallest speck of glass sparkles, each grain of sand emits fire; even so there is a royal song of triumph in my heart because the Lord is there. My days succeed each other; yesterday a blue sky; today a clouded sun; a night filled with strange dreams; but as soon as the eyes open, and I regain consciousness and seem to begin life again, it is always the same figure before me, always the same presence filling my heart.... Formerly the day was dulled by the absence of the Lord. I used to wake invaded by all sorts of sad impressions, and I did not find him on my path. Today he is with me; and the light cloudiness which covers things is not an obstacle to my communion with him. I feel the pressure of his hand, I feel something else which fills me with a serene joy; shall I dare to speak it out? Yes, for it is the true expression of what I experience. The Holy Spirit is not merely making me a visit; it is no mere dazzling apparition which may from one moment to another spread its wings and leave me in my night, it is a permanent habitation. He can depart only if he takes me with him. More than that; he is not other than myself: he is one with me. It is not a juxtaposition, it is a penetration, a profound modification of my nature, a new manner of my being.” Quoted from the MS. “of an old man” by WILFRED MONOD: Il Vit: six méditations sur le mystère chrétien, pp. 280283.",spiritual_experience,339,"James, W. (1902). The Varieties of Religious Experience. Longmans, Green & Co. (Public domain.)"
